eapa_case,src_entity,rel_type,dst_entity
EAPA-7501,CEK Group,CO_RESPONDENT,D&J Trading
EAPA-7501,CEK Group,CO_RESPONDENT,Hanger Supply Inc
EAPA-7501,CEK Group,CO_RESPONDENT,KSA Supply Corp
EAPA-7501,D&J Trading,CO_RESPONDENT,Hanger Supply Inc
EAPA-7501,D&J Trading,CO_RESPONDENT,KSA Supply Corp
EAPA-7501,Hanger Supply Inc,CO_RESPONDENT,KSA Supply Corp
EAPA-7501,"CEK Group LLC, D & J Trading Inc., Power Poly & Hanger Supply Inc",RELATED_ENTITY,KSA Supply Corporation
EAPA-7522,AAA Innovation LLC,CO_RESPONDENT,"Astera Kitchen and Bath, Inc"
EAPA-7522,AAA Innovation LLC,CO_RESPONDENT,FTR LLC
EAPA-7522,AAA Innovation LLC,CO_RESPONDENT,"GHS Group, LLC"
EAPA-7522,AAA Innovation LLC,CO_RESPONDENT,Gin Investments Corp
EAPA-7522,AAA Innovation LLC,CO_RESPONDENT,Gold Stone Kitchen Depot Inc
EAPA-7522,AAA Innovation LLC,CO_RESPONDENT,Granite Collection Inc
EAPA-7522,AAA Innovation LLC,CO_RESPONDENT,Ilkem Marble & Granite Inc
EAPA-7522,AAA Innovation LLC,CO_RESPONDENT,Next Generation Marble and Granite LLC
EAPA-7522,AAA Innovation LLC,CO_RESPONDENT,North Creation Granite Co
EAPA-7522,AAA Innovation LLC,CO_RESPONDENT,RQ Sales Co. LLC
EAPA-7522,AAA Innovation LLC,CO_RESPONDENT,RQ Sales LLC
EAPA-7522,AAA Innovation LLC,CO_RESPONDENT,"The Top Shop, Inc"
EAPA-7522,AAA Innovation LLC,CO_RESPONDENT,Total Scope Cabinets and Tops LLC
EAPA-7522,AAA Innovation LLC,CO_RESPONDENT,YNJ Management LLC
EAPA-7522,"Astera Kitchen and Bath, Inc",CO_RESPONDENT,FTR LLC
EAPA-7522,"Astera Kitchen and Bath, Inc",CO_RESPONDENT,"GHS Group, LLC"
EAPA-7522,"Astera Kitchen and Bath, Inc",CO_RESPONDENT,Gin Investments Corp
EAPA-7522,"Astera Kitchen and Bath, Inc",CO_RESPONDENT,Gold Stone Kitchen Depot Inc
EAPA-7522,"Astera Kitchen and Bath, Inc",CO_RESPONDENT,Granite Collection Inc
EAPA-7522,"Astera Kitchen and Bath, Inc",CO_RESPONDENT,Ilkem Marble & Granite Inc
EAPA-7522,"Astera Kitchen and Bath, Inc",CO_RESPONDENT,Next Generation Marble and Granite LLC
EAPA-7522,"Astera Kitchen and Bath, Inc",CO_RESPONDENT,North Creation Granite Co
EAPA-7522,"Astera Kitchen and Bath, Inc",CO_RESPONDENT,RQ Sales Co. LLC
EAPA-7522,"Astera Kitchen and Bath, Inc",CO_RESPONDENT,RQ Sales LLC
EAPA-7522,"Astera Kitchen and Bath, Inc",CO_RESPONDENT,"The Top Shop, Inc"
EAPA-7522,"Astera Kitchen and Bath, Inc",CO_RESPONDENT,Total Scope Cabinets and Tops LLC
EAPA-7522,"Astera Kitchen and Bath, Inc",CO_RESPONDENT,YNJ Management LLC
EAPA-7522,FTR LLC,CO_RESPONDENT,"GHS Group, LLC"
EAPA-7522,FTR LLC,CO_RESPONDENT,Gin Investments Corp
EAPA-7522,FTR LLC,CO_RESPONDENT,Gold Stone Kitchen Depot Inc
EAPA-7522,FTR LLC,CO_RESPONDENT,Granite Collection Inc
EAPA-7522,FTR LLC,CO_RESPONDENT,Ilkem Marble & Granite Inc
EAPA-7522,FTR LLC,CO_RESPONDENT,Next Generation Marble and Granite LLC
EAPA-7522,FTR LLC,CO_RESPONDENT,North Creation Granite Co
EAPA-7522,FTR LLC,CO_RESPONDENT,RQ Sales Co. LLC
EAPA-7522,FTR LLC,CO_RESPONDENT,RQ Sales LLC
EAPA-7522,FTR LLC,CO_RESPONDENT,"The Top Shop, Inc"
EAPA-7522,FTR LLC,CO_RESPONDENT,Total Scope Cabinets and Tops LLC
EAPA-7522,FTR LLC,CO_RESPONDENT,YNJ Management LLC
EAPA-7522,"GHS Group, LLC",CO_RESPONDENT,Gin Investments Corp
EAPA-7522,"GHS Group, LLC",CO_RESPONDENT,Gold Stone Kitchen Depot Inc
EAPA-7522,"GHS Group, LLC",CO_RESPONDENT,Granite Collection Inc
EAPA-7522,"GHS Group, LLC",CO_RESPONDENT,Ilkem Marble & Granite Inc
EAPA-7522,"GHS Group, LLC",CO_RESPONDENT,Next Generation Marble and Granite LLC
EAPA-7522,"GHS Group, LLC",CO_RESPONDENT,North Creation Granite Co
EAPA-7522,"GHS Group, LLC",CO_RESPONDENT,RQ Sales Co. LLC
EAPA-7522,"GHS Group, LLC",CO_RESPONDENT,RQ Sales LLC
EAPA-7522,"GHS Group, LLC",CO_RESPONDENT,"The Top Shop, Inc"
EAPA-7522,"GHS Group, LLC",CO_RESPONDENT,Total Scope Cabinets and Tops LLC
EAPA-7522,"GHS Group, LLC",CO_RESPONDENT,YNJ Management LLC
EAPA-7522,Gin Investments Corp,CO_RESPONDENT,Gold Stone Kitchen Depot Inc
EAPA-7522,Gin Investments Corp,CO_RESPONDENT,Granite Collection Inc
EAPA-7522,Gin Investments Corp,CO_RESPONDENT,Ilkem Marble & Granite Inc
EAPA-7522,Gin Investments Corp,CO_RESPONDENT,Next Generation Marble and Granite LLC
EAPA-7522,Gin Investments Corp,CO_RESPONDENT,North Creation Granite Co
EAPA-7522,Gin Investments Corp,CO_RESPONDENT,RQ Sales Co. LLC
EAPA-7522,Gin Investments Corp,CO_RESPONDENT,RQ Sales LLC
EAPA-7522,Gin Investments Corp,CO_RESPONDENT,"The Top Shop, Inc"
EAPA-7522,Gin Investments Corp,CO_RESPONDENT,Total Scope Cabinets and Tops LLC
EAPA-7522,Gin Investments Corp,CO_RESPONDENT,YNJ Management LLC
EAPA-7522,Gold Stone Kitchen Depot Inc,CO_RESPONDENT,Granite Collection Inc
EAPA-7522,Gold Stone Kitchen Depot Inc,CO_RESPONDENT,Ilkem Marble & Granite Inc
EAPA-7522,Gold Stone Kitchen Depot Inc,CO_RESPONDENT,Next Generation Marble and Granite LLC
EAPA-7522,Gold Stone Kitchen Depot Inc,CO_RESPONDENT,North Creation Granite Co
EAPA-7522,Gold Stone Kitchen Depot Inc,CO_RESPONDENT,RQ Sales Co. LLC
EAPA-7522,Gold Stone Kitchen Depot Inc,CO_RESPONDENT,RQ Sales LLC
EAPA-7522,Gold Stone Kitchen Depot Inc,CO_RESPONDENT,"The Top Shop, Inc"
EAPA-7522,Gold Stone Kitchen Depot Inc,CO_RESPONDENT,Total Scope Cabinets and Tops LLC
EAPA-7522,Gold Stone Kitchen Depot Inc,CO_RESPONDENT,YNJ Management LLC
EAPA-7522,Granite Collection Inc,CO_RESPONDENT,Ilkem Marble & Granite Inc
EAPA-7522,Granite Collection Inc,CO_RESPONDENT,Next Generation Marble and Granite LLC
EAPA-7522,Granite Collection Inc,CO_RESPONDENT,North Creation Granite Co
EAPA-7522,Granite Collection Inc,CO_RESPONDENT,RQ Sales Co. LLC
EAPA-7522,Granite Collection Inc,CO_RESPONDENT,RQ Sales LLC
EAPA-7522,Granite Collection Inc,CO_RESPONDENT,"The Top Shop, Inc"
EAPA-7522,Granite Collection Inc,CO_RESPONDENT,Total Scope Cabinets and Tops LLC
EAPA-7522,Granite Collection Inc,CO_RESPONDENT,YNJ Management LLC
EAPA-7522,Ilkem Marble & Granite Inc,CO_RESPONDENT,Next Generation Marble and Granite LLC
EAPA-7522,Ilkem Marble & Granite Inc,CO_RESPONDENT,North Creation Granite Co
EAPA-7522,Ilkem Marble & Granite Inc,CO_RESPONDENT,RQ Sales Co. LLC
EAPA-7522,Ilkem Marble & Granite Inc,CO_RESPONDENT,RQ Sales LLC
EAPA-7522,Ilkem Marble & Granite Inc,CO_RESPONDENT,"The Top Shop, Inc"
EAPA-7522,Ilkem Marble & Granite Inc,CO_RESPONDENT,Total Scope Cabinets and Tops LLC
EAPA-7522,Ilkem Marble & Granite Inc,CO_RESPONDENT,YNJ Management LLC
EAPA-7522,Next Generation Marble and Granite LLC,CO_RESPONDENT,North Creation Granite Co
EAPA-7522,Next Generation Marble and Granite LLC,CO_RESPONDENT,RQ Sales Co. LLC
EAPA-7522,Next Generation Marble and Granite LLC,CO_RESPONDENT,RQ Sales LLC
EAPA-7522,Next Generation Marble and Granite LLC,CO_RESPONDENT,"The Top Shop, Inc"
EAPA-7522,Next Generation Marble and Granite LLC,CO_RESPONDENT,Total Scope Cabinets and Tops LLC
EAPA-7522,Next Generation Marble and Granite LLC,CO_RESPONDENT,YNJ Management LLC
EAPA-7522,North Creation Granite Co,CO_RESPONDENT,RQ Sales Co. LLC
EAPA-7522,North Creation Granite Co,CO_RESPONDENT,RQ Sales LLC
EAPA-7522,North Creation Granite Co,CO_RESPONDENT,"The Top Shop, Inc"
EAPA-7522,North Creation Granite Co,CO_RESPONDENT,Total Scope Cabinets and Tops LLC
EAPA-7522,North Creation Granite Co,CO_RESPONDENT,YNJ Management LLC
EAPA-7522,RQ Sales Co. LLC,CO_RESPONDENT,RQ Sales LLC
EAPA-7522,RQ Sales Co. LLC,CO_RESPONDENT,"The Top Shop, Inc"
EAPA-7522,RQ Sales Co. LLC,CO_RESPONDENT,Total Scope Cabinets and Tops LLC
EAPA-7522,RQ Sales Co. LLC,CO_RESPONDENT,YNJ Management LLC
EAPA-7522,RQ Sales LLC,CO_RESPONDENT,"The Top Shop, Inc"
EAPA-7522,RQ Sales LLC,CO_RESPONDENT,Total Scope Cabinets and Tops LLC
EAPA-7522,RQ Sales LLC,CO_RESPONDENT,YNJ Management LLC
EAPA-7522,"The Top Shop, Inc",CO_RESPONDENT,Total Scope Cabinets and Tops LLC
EAPA-7522,"The Top Shop, Inc",CO_RESPONDENT,YNJ Management LLC
EAPA-7522,Total Scope Cabinets and Tops LLC,CO_RESPONDENT,YNJ Management LLC
EAPA-7522,AAA Innovation LLC,ALLEGED_BY,Cambria Company LLC
EAPA-7522,"Astera Kitchen and Bath, Inc",ALLEGED_BY,Cambria Company LLC
EAPA-7522,FTR LLC,ALLEGED_BY,Cambria Company LLC
EAPA-7522,"GHS Group, LLC",ALLEGED_BY,Cambria Company LLC
EAPA-7522,Gin Investments Corp,ALLEGED_BY,Cambria Company LLC
EAPA-7522,Gold Stone Kitchen Depot Inc,ALLEGED_BY,Cambria Company LLC
EAPA-7522,Granite Collection Inc,ALLEGED_BY,Cambria Company LLC
EAPA-7522,Ilkem Marble & Granite Inc,ALLEGED_BY,Cambria Company LLC
EAPA-7522,Next Generation Marble and Granite LLC,ALLEGED_BY,Cambria Company LLC
EAPA-7522,North Creation Granite Co,ALLEGED_BY,Cambria Company LLC
EAPA-7522,RQ Sales Co. LLC,ALLEGED_BY,Cambria Company LLC
EAPA-7522,RQ Sales LLC,ALLEGED_BY,Cambria Company LLC
EAPA-7522,"The Top Shop, Inc",ALLEGED_BY,Cambria Company LLC
EAPA-7522,Total Scope Cabinets and Tops LLC,ALLEGED_BY,Cambria Company LLC
EAPA-7522,YNJ Management LLC,ALLEGED_BY,Cambria Company LLC
EAPA-7523,Amlink Sourcing Incorporated,SUPPLIED_BY,Shenzhen Likexin Industrial Co
EAPA-7553,"Pacific Building Material Inc., Deco Kitchen Cabinet & Bath, Inc., Skyview Cabinet USA, Inc",CO_RESPONDENT,Greentree Trading Company
EAPA-7586,Vivaldi Commercial LLC,CO_RESPONDENT,Vivaldi Interiors LLC
EAPA-7586,Vivaldi Commercial LLC,RELATED_ENTITY,Vivaldi Interiors LLC
EAPA-7607,"Splendid Trading Co., Superior Granite",CO_RESPONDENT,Marble By Vivaldi LLC
EAPA-7607,"Splendid Trading Co., Superior Granite",ALLEGED_BY,"MasterBrand Cabinets, Inc"
EAPA-7607,Marble By Vivaldi LLC,ALLEGED_BY,"MasterBrand Cabinets, Inc"
EAPA-7607,"Splendid Trading Co., Superior Granite",RELATED_ENTITY,Marble By Vivaldi LLC
EAPA-7614,"ZL Center, LLC, USGS, Inc., JGS Import, Inc",CO_RESPONDENT,US Sunergy Corp
EAPA-7614,"ZL Center, LLC, USGS, Inc., JGS Import, Inc",RELATED_ENTITY,US Sunergy Corp
EAPA-7621,"Phoenix Metal Co., Ltd",SUPPLIED_BY,HiCreek Plumbing Co
EAPA-7647,"Nutrawave Co., Ltd",CO_RESPONDENT,"Starille, Ltd"
EAPA-7647,"Nutrawave Co., Ltd",CO_RESPONDENT,"Newtrend USA Co., Ltd"
EAPA-7647,"Starille, Ltd",CO_RESPONDENT,"Newtrend USA Co., Ltd"
EAPA-7647,"Nutrawave Co., Ltd",ALLEGED_BY,"Geo Specialty Chemicals, Inc"
EAPA-7647,"Starille, Ltd",ALLEGED_BY,"Geo Specialty Chemicals, Inc"
EAPA-7647,"Newtrend USA Co., Ltd",ALLEGED_BY,"Geo Specialty Chemicals, Inc"
EAPA-7657,"Big D LLC, Colorquartz New York Inc., Cumberland Cabinet",CO_RESPONDENT,"Design Inc., Durian Kitchen Depot Inc., Flowery Stone Inc., Kat Specialties Inc., Kingway Construction Supplier Inc., Nio Kitchen Depot Inc., Nomadic Barters Inc"
EAPA-7657,"Big D LLC, Colorquartz New York Inc., Cumberland Cabinet",CO_RESPONDENT,Opaly USA LLC
EAPA-7657,"Design Inc., Durian Kitchen Depot Inc., Flowery Stone Inc., Kat Specialties Inc., Kingway Construction Supplier Inc., Nio Kitchen Depot Inc., Nomadic Barters Inc",CO_RESPONDENT,Opaly USA LLC
EAPA-7663,"Nutrawave Co., Ltd., Starille, Ltd",CO_RESPONDENT,"Newtrend USA Co., Ltd"
EAPA-7663,"Nutrawave Co., Ltd., Starille, Ltd",ALLEGED_BY,"Geo Specialty Chemicals, Inc"
EAPA-7663,"Newtrend USA Co., Ltd",ALLEGED_BY,"Geo Specialty Chemicals, Inc"
EAPA-7663,"Nutrawave Co., Ltd., Starille, Ltd",RELATED_ENTITY,"Newtrend USA Co., Ltd"
EAPA-7673,"Uni-Tile & Marble, Inc., Durian Kitchen Depot Inc., Kingway Construction",CO_RESPONDENT,"Supplies Co., Inc., Lonlas Building Supply Inc., Maika’i Cabinet & Stone Inc"
EAPA-7673,"Uni-Tile & Marble, Inc., Durian Kitchen Depot Inc., Kingway Construction",CO_RESPONDENT,Top Kitchen Cabinet Inc
EAPA-7673,"Supplies Co., Inc., Lonlas Building Supply Inc., Maika’i Cabinet & Stone Inc",CO_RESPONDENT,Top Kitchen Cabinet Inc
EAPA-7673,"Uni-Tile & Marble, Inc., Durian Kitchen Depot Inc., Kingway Construction",ALLEGED_BY,American Kitchen Cabinets Alliance
EAPA-7673,"Supplies Co., Inc., Lonlas Building Supply Inc., Maika’i Cabinet & Stone Inc",ALLEGED_BY,American Kitchen Cabinets Alliance
EAPA-7673,Top Kitchen Cabinet Inc,ALLEGED_BY,American Kitchen Cabinets Alliance
EAPA-7699,"C.I.S. Investments, LLC",SUPPLIED_BY,"Eastborn Private, Limited"
EAPA-7699,"C.I.S. Investments, LLC",ALLEGED_BY,Flatland Holdings
EAPA-7705,"Scioto Valley Woodworking, Inc. d/b/a Valleywood Cabinetry",ALLEGED_BY,"Scioto Valley Woodworking, Inc"
EAPA-7711,"Pitts Enterprises, Inc",ALLEGED_BY,Pitts Enterprises
EAPA-7722,Vanguard Trading Company LLC,ALLEGED_BY,Cambria Company LLC
EAPA-7724,False Co,ALLEGED_BY,Paper Receipts Co
EAPA-7730,"Double L Group, LLC",CO_RESPONDENT,Manufacturing Network Inc
EAPA-7730,"Double L Group, LLC",RELATED_ENTITY,Manufacturing Network Inc
EAPA-7737,False Co,CO_RESPONDENT,"Origin Allegation Against Gorilla Paper, Inc"
EAPA-7737,False Co,ALLEGED_BY,Paper Receipts Co
EAPA-7737,"Origin Allegation Against Gorilla Paper, Inc",ALLEGED_BY,Paper Receipts Co
EAPA-7737,"Gorilla Paper, Inc",RELATED_ENTITY,Gorilla Supply
EAPA-7740,"LE North America JV, LLC",ALLEGED_BY,Cambria Company LLC
EAPA-7745,AmerCare Royal LLC,CO_RESPONDENT,Golden Eagle Distributors LLC
EAPA-7745,AmerCare Royal LLC,CO_RESPONDENT,Paper Roll Supplies LLC
EAPA-7745,AmerCare Royal LLC,CO_RESPONDENT,"National POS Paper, Paper Roll Products, BuyRolls Inc"
EAPA-7745,AmerCare Royal LLC,CO_RESPONDENT,VBS Cal LLC
EAPA-7745,AmerCare Royal LLC,CO_RESPONDENT,Allied Paper Co
EAPA-7745,AmerCare Royal LLC,CO_RESPONDENT,The Advantage Group
EAPA-7745,Golden Eagle Distributors LLC,CO_RESPONDENT,Paper Roll Supplies LLC
EAPA-7745,Golden Eagle Distributors LLC,CO_RESPONDENT,"National POS Paper, Paper Roll Products, BuyRolls Inc"
EAPA-7745,Golden Eagle Distributors LLC,CO_RESPONDENT,VBS Cal LLC
EAPA-7745,Golden Eagle Distributors LLC,CO_RESPONDENT,Allied Paper Co
EAPA-7745,Golden Eagle Distributors LLC,CO_RESPONDENT,The Advantage Group
EAPA-7745,Paper Roll Supplies LLC,CO_RESPONDENT,"National POS Paper, Paper Roll Products, BuyRolls Inc"
EAPA-7745,Paper Roll Supplies LLC,CO_RESPONDENT,VBS Cal LLC
EAPA-7745,Paper Roll Supplies LLC,CO_RESPONDENT,Allied Paper Co
EAPA-7745,Paper Roll Supplies LLC,CO_RESPONDENT,The Advantage Group
EAPA-7745,"National POS Paper, Paper Roll Products, BuyRolls Inc",CO_RESPONDENT,VBS Cal LLC
EAPA-7745,"National POS Paper, Paper Roll Products, BuyRolls Inc",CO_RESPONDENT,Allied Paper Co
EAPA-7745,"National POS Paper, Paper Roll Products, BuyRolls Inc",CO_RESPONDENT,The Advantage Group
EAPA-7745,VBS Cal LLC,CO_RESPONDENT,Allied Paper Co
EAPA-7745,VBS Cal LLC,CO_RESPONDENT,The Advantage Group
EAPA-7745,Allied Paper Co,CO_RESPONDENT,The Advantage Group
EAPA-7782,YVC USA Inc,SUPPLIED_BY,Kingtrans Co
EAPA-7782,YVC USA Inc,ALLEGED_BY,Flatland Holdings
EAPA-7783,Superior Commercial Solutions LLC,ALLEGED_BY,Cambria Company LLC
EAPA-7794,Colony Gums Inc,ALLEGED_BY,"CP Kelco U.S., Inc"
EAPA-7799,"Exquis Inc., Lollicup USA Inc",CO_RESPONDENT,Sanster Corporation
EAPA-7799,"Exquis Inc., Lollicup USA Inc",SUPPLIED_BY,Keary Global Group
EAPA-7799,Sanster Corporation,SUPPLIED_BY,Keary Global Group
EAPA-7799,"Exquis Inc., Lollicup USA Inc",RELATED_ENTITY,Sanster Corporation
EAPA-7809,Legion Furniture Inc,SUPPLIED_BY,Ltd. and Suzhou Sagarit U-Home Ltd
EAPA-7809,Legion Furniture Inc,ALLEGED_BY,Vanity Art LLC
EAPA-7811,Suzhou Quality Import,CO_RESPONDENT,Export Co
EAPA-7811,Suzhou Quality Import,ALLEGED_BY,Suzhou Quality Impo1i and Expo1i Co
EAPA-7811,Export Co,ALLEGED_BY,Suzhou Quality Impo1i and Expo1i Co
EAPA-7811,Suzhou Quality Import,RELATED_ENTITY,Export Co
EAPA-7813,Ebuy Enterprises Limited,CO_RESPONDENT,"Highland USA International, Inc"
EAPA-7813,Ebuy Enterprises Limited,ALLEGED_BY,"CP Kelco U.S., Inc"
EAPA-7813,"Highland USA International, Inc",ALLEGED_BY,"CP Kelco U.S., Inc"
EAPA-7813,Ebuy Enterprises Limited,RELATED_ENTITY,"Highland USA International, Inc"
EAPA-7814,"Texas United Chemical Company, LLC",ALLEGED_BY,"CP Kelco U.S., Inc"
EAPA-7818,"AMVC-Midwest LLC aka Midwest Livestock Systems, LLC",ALLEGED_BY,"Hog Slat, Inc"
EAPA-7819,Besttn Industry Inc,SUPPLIED_BY,United Metal Industries
EAPA-7835,Lighthouse Rock,ALLEGED_BY,Lighthouse Rock Co
EAPA-7838,Musa Stone,CO_RESPONDENT,KMGK
EAPA-7838,Musa Stone,ALLEGED_BY,M. US A. Inc
EAPA-7838,KMGK,ALLEGED_BY,M. US A. Inc
EAPA-7838,Musa Stone,RELATED_ENTITY,KMGK
EAPA-7841,"BMF Imports, LLC",ALLEGED_BY,"CP Kelco U.S., Inc"
EAPA-7844,Guy,CO_RESPONDENT,O’Neill Inc
EAPA-7844,Guy,ALLEGED_BY,"CP Kelco U.S., Inc"
EAPA-7844,O’Neill Inc,ALLEGED_BY,"CP Kelco U.S., Inc"
EAPA-7844,Guy,RELATED_ENTITY,O’Neill Inc
EAPA-7846,Shari Pharmachem USA,ALLEGED_BY,"Deer Park Glycine, LLC"
EAPA-7850,"Mak Chemicals, Inc",ALLEGED_BY,"Allegation and Initiation CP Kelco U.S., Inc"
EAPA-7853,Foods LLC,ALLEGED_BY,Just About Foods LLC
EAPA-7856,Beanomy Inc,CO_RESPONDENT,IYEE Nature Inc
EAPA-7856,Beanomy Inc,CO_RESPONDENT,Kelanch Inc
EAPA-7856,Beanomy Inc,CO_RESPONDENT,Wakodo Household Supply Inc
EAPA-7856,Beanomy Inc,CO_RESPONDENT,Xinshidian Trading
EAPA-7856,Beanomy Inc,CO_RESPONDENT,Zevoky Inc
EAPA-7856,Beanomy Inc,CO_RESPONDENT,"Kakaivy, Inc"
EAPA-7856,Beanomy Inc,CO_RESPONDENT,Weekaly Inc
EAPA-7856,Beanomy Inc,CO_RESPONDENT,Heniddy Inc
EAPA-7856,Beanomy Inc,CO_RESPONDENT,Ryan James Engineering LLC
EAPA-7856,Beanomy Inc,CO_RESPONDENT,Sunwind Trading
EAPA-7856,Beanomy Inc,CO_RESPONDENT,Anlowo Inc
EAPA-7856,IYEE Nature Inc,CO_RESPONDENT,Kelanch Inc
EAPA-7856,IYEE Nature Inc,CO_RESPONDENT,Wakodo Household Supply Inc
EAPA-7856,IYEE Nature Inc,CO_RESPONDENT,Xinshidian Trading
EAPA-7856,IYEE Nature Inc,CO_RESPONDENT,Zevoky Inc
EAPA-7856,IYEE Nature Inc,CO_RESPONDENT,"Kakaivy, Inc"
EAPA-7856,IYEE Nature Inc,CO_RESPONDENT,Weekaly Inc
EAPA-7856,IYEE Nature Inc,CO_RESPONDENT,Heniddy Inc
EAPA-7856,IYEE Nature Inc,CO_RESPONDENT,Ryan James Engineering LLC
EAPA-7856,IYEE Nature Inc,CO_RESPONDENT,Sunwind Trading
EAPA-7856,IYEE Nature Inc,CO_RESPONDENT,Anlowo Inc
EAPA-7856,Kelanch Inc,CO_RESPONDENT,Wakodo Household Supply Inc
EAPA-7856,Kelanch Inc,CO_RESPONDENT,Xinshidian Trading
EAPA-7856,Kelanch Inc,CO_RESPONDENT,Zevoky Inc
EAPA-7856,Kelanch Inc,CO_RESPONDENT,"Kakaivy, Inc"
EAPA-7856,Kelanch Inc,CO_RESPONDENT,Weekaly Inc
EAPA-7856,Kelanch Inc,CO_RESPONDENT,Heniddy Inc
EAPA-7856,Kelanch Inc,CO_RESPONDENT,Ryan James Engineering LLC
EAPA-7856,Kelanch Inc,CO_RESPONDENT,Sunwind Trading
EAPA-7856,Kelanch Inc,CO_RESPONDENT,Anlowo Inc
EAPA-7856,Wakodo Household Supply Inc,CO_RESPONDENT,Xinshidian Trading
EAPA-7856,Wakodo Household Supply Inc,CO_RESPONDENT,Zevoky Inc
EAPA-7856,Wakodo Household Supply Inc,CO_RESPONDENT,"Kakaivy, Inc"
EAPA-7856,Wakodo Household Supply Inc,CO_RESPONDENT,Weekaly Inc
EAPA-7856,Wakodo Household Supply Inc,CO_RESPONDENT,Heniddy Inc
EAPA-7856,Wakodo Household Supply Inc,CO_RESPONDENT,Ryan James Engineering LLC
EAPA-7856,Wakodo Household Supply Inc,CO_RESPONDENT,Sunwind Trading
EAPA-7856,Wakodo Household Supply Inc,CO_RESPONDENT,Anlowo Inc
EAPA-7856,Xinshidian Trading,CO_RESPONDENT,Zevoky Inc
EAPA-7856,Xinshidian Trading,CO_RESPONDENT,"Kakaivy, Inc"
EAPA-7856,Xinshidian Trading,CO_RESPONDENT,Weekaly Inc
EAPA-7856,Xinshidian Trading,CO_RESPONDENT,Heniddy Inc
EAPA-7856,Xinshidian Trading,CO_RESPONDENT,Ryan James Engineering LLC
EAPA-7856,Xinshidian Trading,CO_RESPONDENT,Sunwind Trading
EAPA-7856,Xinshidian Trading,CO_RESPONDENT,Anlowo Inc
EAPA-7856,Zevoky Inc,CO_RESPONDENT,"Kakaivy, Inc"
EAPA-7856,Zevoky Inc,CO_RESPONDENT,Weekaly Inc
EAPA-7856,Zevoky Inc,CO_RESPONDENT,Heniddy Inc
EAPA-7856,Zevoky Inc,CO_RESPONDENT,Ryan James Engineering LLC
EAPA-7856,Zevoky Inc,CO_RESPONDENT,Sunwind Trading
EAPA-7856,Zevoky Inc,CO_RESPONDENT,Anlowo Inc
EAPA-7856,"Kakaivy, Inc",CO_RESPONDENT,Weekaly Inc
EAPA-7856,"Kakaivy, Inc",CO_RESPONDENT,Heniddy Inc
EAPA-7856,"Kakaivy, Inc",CO_RESPONDENT,Ryan James Engineering LLC
EAPA-7856,"Kakaivy, Inc",CO_RESPONDENT,Sunwind Trading
EAPA-7856,"Kakaivy, Inc",CO_RESPONDENT,Anlowo Inc
EAPA-7856,Weekaly Inc,CO_RESPONDENT,Heniddy Inc
EAPA-7856,Weekaly Inc,CO_RESPONDENT,Ryan James Engineering LLC
EAPA-7856,Weekaly Inc,CO_RESPONDENT,Sunwind Trading
EAPA-7856,Weekaly Inc,CO_RESPONDENT,Anlowo Inc
EAPA-7856,Heniddy Inc,CO_RESPONDENT,Ryan James Engineering LLC
EAPA-7856,Heniddy Inc,CO_RESPONDENT,Sunwind Trading
EAPA-7856,Heniddy Inc,CO_RESPONDENT,Anlowo Inc
EAPA-7856,Ryan James Engineering LLC,CO_RESPONDENT,Sunwind Trading
EAPA-7856,Ryan James Engineering LLC,CO_RESPONDENT,Anlowo Inc
EAPA-7856,Sunwind Trading,CO_RESPONDENT,Anlowo Inc
EAPA-7856,Beanomy Inc,ALLEGED_BY,Zinus USA Inc
EAPA-7856,IYEE Nature Inc,ALLEGED_BY,Zinus USA Inc
EAPA-7856,Kelanch Inc,ALLEGED_BY,Zinus USA Inc
EAPA-7856,Wakodo Household Supply Inc,ALLEGED_BY,Zinus USA Inc
EAPA-7856,Xinshidian Trading,ALLEGED_BY,Zinus USA Inc
EAPA-7856,Zevoky Inc,ALLEGED_BY,Zinus USA Inc
EAPA-7856,"Kakaivy, Inc",ALLEGED_BY,Zinus USA Inc
EAPA-7856,Weekaly Inc,ALLEGED_BY,Zinus USA Inc
EAPA-7856,Heniddy Inc,ALLEGED_BY,Zinus USA Inc
EAPA-7856,Ryan James Engineering LLC,ALLEGED_BY,Zinus USA Inc
EAPA-7856,Sunwind Trading,ALLEGED_BY,Zinus USA Inc
EAPA-7856,Anlowo Inc,ALLEGED_BY,Zinus USA Inc
EAPA-7889,JBS Trading LLC,ALLEGED_BY,"CP Kelco U.S., Inc"
EAPA-7890,See Certain Oil Co,CO_RESPONDENT,Amended Final Affirmative Co
EAPA-7890,See Certain Oil Co,CO_RESPONDENT,Certain Oil Co
EAPA-7890,Amended Final Affirmative Co,CO_RESPONDENT,Certain Oil Co
EAPA-7902,Global Natural Ingredients,ALLEGED_BY,"CP Kelco U.S., Inc"
EAPA-7969,"Thompson Aluminum Casting Company, Inc",ALLEGED_BY,Trinity Metals LLC
EAPA-8112,Ribest USA,CO_RESPONDENT,TriMar
EAPA-8112,Ribest USA,ALLEGED_BY,"Berwick Offray, LLC"
EAPA-8112,TriMar,ALLEGED_BY,"Berwick Offray, LLC"
EAPA-8112,Ribest USA,RELATED_ENTITY,TriMar
EAPA-8132,"Wholesale Equipment Co., dba WEC Manufacturing",SUPPLIED_BY,Hangzhou Jusheng Metal Products Co
EAPA-8133,XCMG North America Corporation,ALLEGED_BY,Coalition of American Manufacturers of Mobile Access Equipment
EAPA-8137,"Island Home Building Materials, Inc",ALLEGED_BY,"Newport Pacific Cabinets, Inc"
EAPA-8143,Commercial Steel Products LLC,CO_RESPONDENT,"JOL Tubular, Inc"
EAPA-8143,Commercial Steel Products LLC,RELATED_ENTITY,"JOL Tubular, Inc"
EAPA-8150,New Wayn Inc,CO_RESPONDENT,Shenzhen Wushida Industry
EAPA-8150,New Wayn Inc,CO_RESPONDENT,"Co., Ltd"
EAPA-8150,New Wayn Inc,CO_RESPONDENT,SSG Group
EAPA-8150,New Wayn Inc,CO_RESPONDENT,Imports Co
EAPA-8150,New Wayn Inc,CO_RESPONDENT,Super Blooming Star Inc
EAPA-8150,Shenzhen Wushida Industry,CO_RESPONDENT,"Co., Ltd"
EAPA-8150,Shenzhen Wushida Industry,CO_RESPONDENT,SSG Group
EAPA-8150,Shenzhen Wushida Industry,CO_RESPONDENT,Imports Co
EAPA-8150,Shenzhen Wushida Industry,CO_RESPONDENT,Super Blooming Star Inc
EAPA-8150,"Co., Ltd",CO_RESPONDENT,SSG Group
EAPA-8150,"Co., Ltd",CO_RESPONDENT,Imports Co
EAPA-8150,"Co., Ltd",CO_RESPONDENT,Super Blooming Star Inc
EAPA-8150,SSG Group,CO_RESPONDENT,Imports Co
EAPA-8150,SSG Group,CO_RESPONDENT,Super Blooming Star Inc
EAPA-8150,Imports Co,CO_RESPONDENT,Super Blooming Star Inc
EAPA-8150,New Wayn Inc,ALLEGED_BY,"OSOUGVO, Inc"
EAPA-8150,Shenzhen Wushida Industry,ALLEGED_BY,"OSOUGVO, Inc"
EAPA-8150,"Co., Ltd",ALLEGED_BY,"OSOUGVO, Inc"
EAPA-8150,SSG Group,ALLEGED_BY,"OSOUGVO, Inc"
EAPA-8150,Imports Co,ALLEGED_BY,"OSOUGVO, Inc"
EAPA-8150,Super Blooming Star Inc,ALLEGED_BY,"OSOUGVO, Inc"
EAPA-8163,Waaree,CO_RESPONDENT,Waaree Americas
EAPA-8163,Waaree,ALLEGED_BY,American Alliance for Solar Manufacturing
EAPA-8163,Waaree Americas,ALLEGED_BY,American Alliance for Solar Manufacturing
EAPA-8163,Waaree,RELATED_ENTITY,Waaree Americas
EAPA-8183,"Greenbrier Companies, Inc",ALLEGED_BY,Coalition of Freight Coupler Producers
EAPA-8201,Chasoe World Inc,CO_RESPONDENT,Eminent World Trade Inc
EAPA-8201,Chasoe World Inc,CO_RESPONDENT,Faster Bat Corp
EAPA-8201,Chasoe World Inc,CO_RESPONDENT,Fine Tune Group
EAPA-8201,Chasoe World Inc,CO_RESPONDENT,Inchoi Group
EAPA-8201,Chasoe World Inc,CO_RESPONDENT,Magic King Group
EAPA-8201,Chasoe World Inc,CO_RESPONDENT,Newway Wind Inc
EAPA-8201,Chasoe World Inc,CO_RESPONDENT,Onerich Glboal Group
EAPA-8201,Chasoe World Inc,CO_RESPONDENT,Toyarr Group
EAPA-8201,Chasoe World Inc,CO_RESPONDENT,Unitype Trading
EAPA-8201,Chasoe World Inc,CO_RESPONDENT,Zenith Global Group
EAPA-8201,Eminent World Trade Inc,CO_RESPONDENT,Faster Bat Corp
EAPA-8201,Eminent World Trade Inc,CO_RESPONDENT,Fine Tune Group
EAPA-8201,Eminent World Trade Inc,CO_RESPONDENT,Inchoi Group
EAPA-8201,Eminent World Trade Inc,CO_RESPONDENT,Magic King Group
EAPA-8201,Eminent World Trade Inc,CO_RESPONDENT,Newway Wind Inc
EAPA-8201,Eminent World Trade Inc,CO_RESPONDENT,Onerich Glboal Group
EAPA-8201,Eminent World Trade Inc,CO_RESPONDENT,Toyarr Group
EAPA-8201,Eminent World Trade Inc,CO_RESPONDENT,Unitype Trading
EAPA-8201,Eminent World Trade Inc,CO_RESPONDENT,Zenith Global Group
EAPA-8201,Faster Bat Corp,CO_RESPONDENT,Fine Tune Group
EAPA-8201,Faster Bat Corp,CO_RESPONDENT,Inchoi Group
EAPA-8201,Faster Bat Corp,CO_RESPONDENT,Magic King Group
EAPA-8201,Faster Bat Corp,CO_RESPONDENT,Newway Wind Inc
EAPA-8201,Faster Bat Corp,CO_RESPONDENT,Onerich Glboal Group
EAPA-8201,Faster Bat Corp,CO_RESPONDENT,Toyarr Group
EAPA-8201,Faster Bat Corp,CO_RESPONDENT,Unitype Trading
EAPA-8201,Faster Bat Corp,CO_RESPONDENT,Zenith Global Group
EAPA-8201,Fine Tune Group,CO_RESPONDENT,Inchoi Group
EAPA-8201,Fine Tune Group,CO_RESPONDENT,Magic King Group
EAPA-8201,Fine Tune Group,CO_RESPONDENT,Newway Wind Inc
EAPA-8201,Fine Tune Group,CO_RESPONDENT,Onerich Glboal Group
EAPA-8201,Fine Tune Group,CO_RESPONDENT,Toyarr Group
EAPA-8201,Fine Tune Group,CO_RESPONDENT,Unitype Trading
EAPA-8201,Fine Tune Group,CO_RESPONDENT,Zenith Global Group
EAPA-8201,Inchoi Group,CO_RESPONDENT,Magic King Group
EAPA-8201,Inchoi Group,CO_RESPONDENT,Newway Wind Inc
EAPA-8201,Inchoi Group,CO_RESPONDENT,Onerich Glboal Group
EAPA-8201,Inchoi Group,CO_RESPONDENT,Toyarr Group
EAPA-8201,Inchoi Group,CO_RESPONDENT,Unitype Trading
EAPA-8201,Inchoi Group,CO_RESPONDENT,Zenith Global Group
EAPA-8201,Magic King Group,CO_RESPONDENT,Newway Wind Inc
EAPA-8201,Magic King Group,CO_RESPONDENT,Onerich Glboal Group
EAPA-8201,Magic King Group,CO_RESPONDENT,Toyarr Group
EAPA-8201,Magic King Group,CO_RESPONDENT,Unitype Trading
EAPA-8201,Magic King Group,CO_RESPONDENT,Zenith Global Group
EAPA-8201,Newway Wind Inc,CO_RESPONDENT,Onerich Glboal Group
EAPA-8201,Newway Wind Inc,CO_RESPONDENT,Toyarr Group
EAPA-8201,Newway Wind Inc,CO_RESPONDENT,Unitype Trading
EAPA-8201,Newway Wind Inc,CO_RESPONDENT,Zenith Global Group
EAPA-8201,Onerich Glboal Group,CO_RESPONDENT,Toyarr Group
EAPA-8201,Onerich Glboal Group,CO_RESPONDENT,Unitype Trading
EAPA-8201,Onerich Glboal Group,CO_RESPONDENT,Zenith Global Group
EAPA-8201,Toyarr Group,CO_RESPONDENT,Unitype Trading
EAPA-8201,Toyarr Group,CO_RESPONDENT,Zenith Global Group
EAPA-8201,Unitype Trading,CO_RESPONDENT,Zenith Global Group
EAPA-8201,Chasoe World Inc,ALLEGED_BY,"Agri-Fab, Inc"
EAPA-8201,Eminent World Trade Inc,ALLEGED_BY,"Agri-Fab, Inc"
EAPA-8201,Faster Bat Corp,ALLEGED_BY,"Agri-Fab, Inc"
EAPA-8201,Fine Tune Group,ALLEGED_BY,"Agri-Fab, Inc"
EAPA-8201,Inchoi Group,ALLEGED_BY,"Agri-Fab, Inc"
EAPA-8201,Magic King Group,ALLEGED_BY,"Agri-Fab, Inc"
EAPA-8201,Newway Wind Inc,ALLEGED_BY,"Agri-Fab, Inc"
EAPA-8201,Onerich Glboal Group,ALLEGED_BY,"Agri-Fab, Inc"
EAPA-8201,Toyarr Group,ALLEGED_BY,"Agri-Fab, Inc"
EAPA-8201,Unitype Trading,ALLEGED_BY,"Agri-Fab, Inc"
EAPA-8201,Zenith Global Group,ALLEGED_BY,"Agri-Fab, Inc"
EAPA-8225,"Dymatec USA, LLC",CO_RESPONDENT,"Dymatec, Ltd"
EAPA-8225,"Dymatec USA, LLC",RELATED_ENTITY,"Dymatec, Ltd"
EAPA-8247,American Personal Transportation Vehicle Manufacturers Co,SUPPLIED_BY,Xiamen Dalle New Energy Automobile Co
EAPA-8247,American Personal Transportation Vehicle Manufacturers Co,SUPPLIED_BY,Taotao.59 Acco
EAPA-8247,American Personal Transportation Vehicle Manufacturers Co,ALLEGED_BY,ICON EV LLC
EAPA-8250,EAPA Co,CO_RESPONDENT,Seamist Pomona Group
EAPA-8282,Star EV Corporation,SUPPLIED_BY,"Marshell. Specifically, corp"
